product, format, af_1_k101.mtx, olm1000.mtx, bcsstk17.mtx, adder_dcop_32.mtx, olafu.mtx, thermomech_TK.mtx, af23560.mtx, nlpkkt80.mtx, west2021.mtx, thermal1.mtx, amazon0302.mtx, lung2.mtx, cage4.mtx, rdist2.mtx, PR02R.mtx, ML_Laplace.mtx, mac_econ_fwd500.mtx, Cube_Coup_dt0.mtx, mcfe.mtx, webbase-1M.mtx, roadNet-PA.mtx, dc1.mtx, thermal2.mtx, cavity10.mtx, cant.mtx, FEM_3D_thermal1.mtx, raefsky2.mtx, mhd4800a.mtx, cop20k_A.mtx
1, 2,125421445.337686,240476535.187659,109909786.373558,202157616.966484,113107067.640113,103873813.874260,226803706.505903,123489355.961006,218622173.290706,100522122.105310,168093071.031186,198102715.095251,200758828.575965,233014153.140482,229567556.790055,240906582.044469,206638544.925402,121922733.973737,228007579.503380,184039199.984139,77826133.390361,209521900.523224,105266558.192100,222841081.590147,110914579.019606,220228482.643117,221916361.681485,229019303.820288,112582666.230767
1, 1,128324456.380215,173617686.382516,-1,-1,81590206.159418,78942289.451228,225773504.388762,119805603.065506,-1,-1,180854926.836152,129492511.512542,200875949.446112,-1,131280166.095669,235886275.564526,-1,90499694.829510,71851609.935238,-1,-1,-1,-1,112578794.506683,96761893.782166,201033822.660294,186170508.020661,181832692.846475,-1
1, 2,144118798.179605,267846564.835176,138887976.105124,263225612.947616,140598046.612221,116367459.683875,282001484.495671,128295339.955199,220413305.115941,117664903.610531,217595553.295657,206293120.270458,232128851.380033,252528824.508489,244282555.807650,242046342.627121,209802315.532893,122036381.501605,234478164.607498,195784320.189927,79122774.654424,224498836.966539,101324319.612530,252603716.091247,115454188.058927,228465398.758319,224989380.650187,245770590.928811,118151190.618034
